Name,Category,Description,Author
[LabTeach (Connectwise Automate)](/rmm_tools/labteach__connectwise_automate_),,LabTeach (Connectwise Automate) is a remote monitoring and management (RMM) tool. More information w...,
[Zabbix Agent](/rmm_tools/zabbix_agent),,Zabbix Agent is a remote monitoring and management (RMM) tool. More information will be added as it ...,
[Senso.cloud](/rmm_tools/senso.cloud),,Senso.cloud is a remote monitoring and management (RMM) tool. More information will be added as it b...,
[I'm InTouch](/rmm_tools/i'm_intouch),,I'm InTouch is a remote monitoring and management (RMM) tool. More information will be added as it b...,
[RustDesk](/rmm_tools/rustdesk),,RustDesk is a remote monitoring and management (RMM) tool. More information will be added as it beco...,
[Electric AI (Kaseya)](/rmm_tools/electric_ai__kaseya_),,Electric AI (Kaseya) is a remote monitoring and management (RMM) tool. More information will be adde...,
[ZOC](/rmm_tools/zoc),,ZOC is a remote monitoring and management (RMM) tool. More information will be added as it becomes a...,
[Any Support](/rmm_tools/any_support),,Any Support is a remote monitoring and management (RMM) tool. More information will be added as it b...,
[PDQ Connect](/rmm_tools/pdq_connect),,PDQ Connect is a remote monitoring and management (RMM) tool. More information will be added as it b...,
[Pcnow](/rmm_tools/pcnow),,Pcnow is a remote monitoring and management (RMM) tool. More information will be added as it becomes...,
[Seetrol](/rmm_tools/seetrol),,Seetrol is a remote monitoring and management (RMM) tool. More information will be added as it becom...,
[CarotDAV](/rmm_tools/carotdav),,CarotDAV is a remote monitoring and management (RMM) tool. More information will be added as it beco...,
[Goverlan](/rmm_tools/goverlan),,Goverlan is a remote monitoring and management (RMM) tool. More information will be added as it beco...,
[OptiTune](/rmm_tools/optitune),,OptiTune is a remote monitoring and management (RMM) tool. More information will be added as it beco...,
[EMCO Remote Console](/rmm_tools/emco_remote_console),,EMCO Remote Console is a remote monitoring and management (RMM) tool. More information will be added...,
[N-Able Advanced Monitoring Agent](/rmm_tools/n-able_advanced_monitoring_agent),,N-Able Advanced Monitoring Agent is a remote monitoring and management (RMM) tool. More information ...,
[Tailscale](/rmm_tools/tailscale),,Tailscale is a remote monitoring and management (RMM) tool. More information will be added as it bec...,
[Pilixo](/rmm_tools/pilixo),,Pilixo is a remote monitoring and management (RMM) tool. More information will be added as it become...,
[Remote Desktop Manager (Devolutions)](/rmm_tools/remote_desktop_manager__devolutions_),,Remote Desktop Manager (Devolutions) is a remote monitoring and management (RMM) tool. More informat...,
[BeyondTrust (Bomgar)](/rmm_tools/beyondtrust__bomgar_),,BeyondTrust (Bomgar) is a remote monitoring and management (RMM) tool. More information will be adde...,
[Alpemix](/rmm_tools/alpemix),,Alpemix is a remote monitoring and management (RMM) tool. More information will be added as it becom...,Nasreddine Bencherchali
[Auvik](/rmm_tools/auvik),,Auvik is a remote monitoring and management (RMM) tool. More information will be added as it becomes...,
[Tactical RMM](/rmm_tools/tactical_rmm),,Tactical RMM is a remote monitoring and management (RMM) tool. More information will be added as it ...,
[MioNet (WD Anywhere Access)](/rmm_tools/mionet__wd_anywhere_access_),,MioNet (WD Anywhere Access) is a remote monitoring and management (RMM) tool. More information will ...,
[Comodo RMM](/rmm_tools/comodo_rmm),,Comodo RMM is a remote monitoring and management (RMM) tool. More information will be added as it be...,
[Pocket Controller](/rmm_tools/pocket_controller),,Pocket Controller is a remote monitoring and management (RMM) tool. More information will be added a...,
[NordLocker](/rmm_tools/nordlocker),,NordLocker is a remote monitoring and management (RMM) tool. More information will be added as it be...,
[OCS inventory](/rmm_tools/ocs_inventory),,OCS inventory is a remote monitoring and management (RMM) tool. More information will be added as it...,
[GotoHTTP](/rmm_tools/gotohttp),,GotoHTTP is a remote monitoring and management (RMM) tool. More information will be added as it beco...,
[Terminals](/rmm_tools/terminals),,Terminals is a remote monitoring and management (RMM) tool. More information will be added as it bec...,
[RPort](/rmm_tools/rport),,RPort is a remote monitoring and management (RMM) tool. More information will be added as it becomes...,
[CentraStage (Now Datto)](/rmm_tools/centrastage__now_datto_),,CentraStage (Now Datto) is a remote monitoring and management (RMM) tool. More information will be a...,
[Instant Housecall](/rmm_tools/instant_housecall),,Instant Housecall is a remote monitoring and management (RMM) tool. More information will be added a...,
[CruzControl](/rmm_tools/cruzcontrol),,CruzControl is a remote monitoring and management (RMM) tool. More information will be added as it b...,
[Mikogo](/rmm_tools/mikogo),,Mikogo is a remote monitoring and management (RMM) tool. More information will be added as it become...,
[mRemoteNG](/rmm_tools/mremoteng),,mRemoteNG is a remote monitoring and management (RMM) tool. More information will be added as it bec...,
[LabTech RMM (Now ConnectWise Automate)](/rmm_tools/labtech_rmm__now_connectwise_automate_),,LabTech RMM (Now ConnectWise Automate) is a remote monitoring and management (RMM) tool. More inform...,
[ScreenMeet](/rmm_tools/screenmeet),,ScreenMeet is a remote monitoring and management (RMM) tool. More information will be added as it be...,
[RES Automation Manager](/rmm_tools/res_automation_manager),,RES Automation Manager is a remote monitoring and management (RMM) tool. More information will be ad...,
[Anyplace Control](/rmm_tools/anyplace_control),,Anyplace Control is a remote monitoring and management (RMM) tool. More information will be added as...,
[TightVNC](/rmm_tools/tightvnc),,TightVNC is a remote monitoring and management (RMM) tool. More information will be added as it beco...,
[LiteManager](/rmm_tools/litemanager),,LiteManager is a remote monitoring and management (RMM) tool. More information will be added as it b...,
[Sophos-Remote Management System](/rmm_tools/sophos-remote_management_system),,Sophos-Remote Management System is a remote monitoring and management (RMM) tool. More information w...,
[ManageEngine](/rmm_tools/manageengine),,ManageEngine is a remote monitoring and management (RMM) tool. More information will be added as it ...,
[Splashtop Remote](/rmm_tools/splashtop_remote),,Splashtop Remote is a remote monitoring and management (RMM) tool. More information will be added as...,
[rdp2tcp](/rmm_tools/rdp2tcp),,rdp2tcp is a remote monitoring and management (RMM) tool. More information will be added as it becom...,
[Jump Cloud](/rmm_tools/jump_cloud),,Jump Cloud is a remote monitoring and management (RMM) tool. More information will be added as it be...,
[RuDesktop](/rmm_tools/rudesktop),,RuDesktop is a remote monitoring and management (RMM) tool. More information will be added as it bec...,
[LogMeIn](/rmm_tools/logmein),,LogMeIn is a remote monitoring and management (RMM) tool. More information will be added as it becom...,Nasreddine Bencherchali
[SmartFTP](/rmm_tools/smartftp),,SmartFTP is a remote monitoring and management (RMM) tool. More information will be added as it beco...,
[NetSupport Manager](/rmm_tools/netsupport_manager),,NetSupport Manager is a remote monitoring and management (RMM) tool. More information will be added ...,
[Pocket Cloud (Wyse)](/rmm_tools/pocket_cloud__wyse_),,Pocket Cloud (Wyse) is a remote monitoring and management (RMM) tool. More information will be added...,
[Guacamole](/rmm_tools/guacamole),,Guacamole is a remote monitoring and management (RMM) tool. More information will be added as it bec...,
[LANDesk](/rmm_tools/landesk),,LANDesk is a remote monitoring and management (RMM) tool. More information will be added as it becom...,
[pcAnywhere](/rmm_tools/pcanywhere),,pcAnywhere is a remote monitoring and management (RMM) tool. More information will be added as it be...,
[mstsc](/rmm_tools/mstsc),,mstsc is a remote monitoring and management (RMM) tool. More information will be added as it becomes...,
[FreeNX](/rmm_tools/freenx),,FreeNX is a remote monitoring and management (RMM) tool. More information will be added as it become...,
[PSEXEC (Clone)](/rmm_tools/psexec__clone_),,PSEXEC (Clone) is a remote monitoring and management (RMM) tool. More information will be added as i...,
[SpyAnywhere](/rmm_tools/spyanywhere),,SpyAnywhere is a remote monitoring and management (RMM) tool. More information will be added as it b...,
[MultCloud](/rmm_tools/multcloud),,MultCloud is a remote monitoring and management (RMM) tool. More information will be added as it bec...,
[Visual Studio Dev Tunnel](/rmm_tools/visual_studio_dev_tunnel),,Visual Studio Dev Tunnel is a remote monitoring and management (RMM) tool. More information will be ...,
[Xpra](/rmm_tools/xpra),,Xpra is a remote monitoring and management (RMM) tool. More information will be added as it becomes ...,
[Royal Apps](/rmm_tools/royal_apps),,Royal Apps is a remote monitoring and management (RMM) tool. More information will be added as it be...,
[eHorus](/rmm_tools/ehorus),,eHorus is a remote monitoring and management (RMM) tool. More information will be added as it become...,
[SuperPuTTY](/rmm_tools/superputty),,SuperPuTTY is a remote monitoring and management (RMM) tool. More information will be added as it be...,
[ZeroTier](/rmm_tools/zerotier),,ZeroTier is a remote monitoring and management (RMM) tool. More information will be added as it beco...,
[Devolutions Remote Desktop Manager](/rmm_tools/devolutions_remote_desktop_manager),,Devolutions Remote Desktop Manager is a remote monitoring and management (RMM) tool. More informatio...,
[BeAnyWhere](/rmm_tools/beanywhere),,BeAnyWhere is a remote monitoring and management (RMM) tool. More information will be added as it be...,
[WebEx (Remote Access)](/rmm_tools/webex__remote_access_),,WebEx (Remote Access) is a remote monitoring and management (RMM) tool. More information will be add...,
[AnyDesk](/rmm_tools/anydesk),RMM,AnyDesk is a popular remote desktop software that enables users to access and control a computer or ...,"Ali Alwashali, Nasreddine Bencherchali"
[Free Ping Tool](/rmm_tools/free_ping_tool),,Free Ping Tool is a remote monitoring and management (RMM) tool. More information will be added as i...,
[S3 Browser](/rmm_tools/s3_browser),,S3 Browser is a remote monitoring and management (RMM) tool. More information will be added as it be...,
[NinjaOne (formerly NinjaRMM)](/rmm_tools/ninjaone__formerly_ninjarmm_),,NinjaOne (formerly NinjaRMM) is a remote monitoring and management (RMM) tool. More information will...,
[Adobe Connect](/rmm_tools/adobe_connect),,Adobe Connect is a remote monitoring and management (RMM) tool. More information will be added as it...,
[RemotePC](/rmm_tools/remotepc),,RemotePC is a remote monitoring and management (RMM) tool. More information will be added as it beco...,
[LogMeIn rescue](/rmm_tools/logmein_rescue),,LogMeIn rescue is a remote monitoring and management (RMM) tool. More information will be added as i...,
[UltraViewer](/rmm_tools/ultraviewer),,UltraViewer is a remote monitoring and management (RMM) tool. More information will be added as it b...,
[Pandora RC (eHorus)](/rmm_tools/pandora_rc__ehorus_),,Pandora RC (eHorus) is a remote monitoring and management (RMM) tool. More information will be added...,
[IntelliAdmin Remote Control](/rmm_tools/intelliadmin_remote_control),,IntelliAdmin Remote Control is a remote monitoring and management (RMM) tool. More information will ...,
[MEGAsync](/rmm_tools/megasync),,MEGAsync is a remote monitoring and management (RMM) tool. More information will be added as it beco...,
[Encapto](/rmm_tools/encapto),,Encapto is a remote monitoring and management (RMM) tool. More information will be added as it becom...,
[ShowMyPC](/rmm_tools/showmypc),,ShowMyPC is a remote monitoring and management (RMM) tool. More information will be added as it beco...,
[Lite Manager](/rmm_tools/lite_manager),,Lite Manager is a remote monitoring and management (RMM) tool. More information will be added as it ...,
[Netop Remote Control (aka Impero Connect)](/rmm_tools/netop_remote_control__aka_impero_connect_),,Netop Remote Control (aka Impero Connect) is a remote monitoring and management (RMM) tool. More inf...,
[GoToAssist](/rmm_tools/gotoassist),,GoToAssist is a remote monitoring and management (RMM) tool. More information will be added as it be...,
[Ericom Connect](/rmm_tools/ericom_connect),,Ericom Connect is a remote monitoring and management (RMM) tool. More information will be added as i...,
[TeamViewer](/rmm_tools/teamviewer),,"TeamViewer is a remote monitoring and management (RMM) tool.
...","Nasreddine Bencherchali, Michael Haag"
[Access Remote PC](/rmm_tools/access_remote_pc),,Access Remote PC is a remote monitoring and management (RMM) tool. More information will be added as...,
[SecureCRT](/rmm_tools/securecrt),,SecureCRT is a remote monitoring and management (RMM) tool. More information will be added as it bec...,
[Acronic Cyber Protect (Remotix)](/rmm_tools/acronic_cyber_protect__remotix_),,Acronic Cyber Protect (Remotix) is a remote monitoring and management (RMM) tool. More information w...,
[Sorillus](/rmm_tools/sorillus),,Sorillus is a remote monitoring and management (RMM) tool. More information will be added as it beco...,
[Barracuda](/rmm_tools/barracuda),,Barracuda is a remote monitoring and management (RMM) tool. More information will be added as it bec...,
[DeskDay](/rmm_tools/deskday),,DeskDay is a remote monitoring and management (RMM) tool. More information will be added as it becom...,
[RemoteCall](/rmm_tools/remotecall),,RemoteCall is a remote monitoring and management (RMM) tool. More information will be added as it be...,
[Splashtop](/rmm_tools/splashtop),,Splashtop is a remote monitoring and management (RMM) tool. More information will be added as it bec...,Nasreddine Bencherchali
[ManageEngine RMM Central](/rmm_tools/manageengine_rmm_central),,ManageEngine RMM Central is a remote monitoring and management (RMM) tool. More information will be ...,
[AeroAdmin](/rmm_tools/aeroadmin),,AeroAdmin is a remote monitoring and management (RMM) tool. More information will be added as it bec...,
[NoMachine](/rmm_tools/nomachine),,NoMachine is a remote monitoring and management (RMM) tool. More information will be added as it bec...,
[UltraVNC](/rmm_tools/ultravnc),,UltraVNC is a remote monitoring and management (RMM) tool. More information will be added as it beco...,
[Instant Housecall](/rmm_tools/instant_housecall),,Instant Housecall is a remote monitoring and management (RMM) tool. More information will be added a...,
[NinjaRMM](/rmm_tools/ninjarmm),,NinjaRMM is a remote monitoring and management (RMM) tool. More information will be added as it beco...,
[ngrok](/rmm_tools/ngrok),,ngrok is a remote monitoring and management (RMM) tool. More information will be added as it becomes...,
[Bitvise SSH Client](/rmm_tools/bitvise_ssh_client),,Bitvise SSH Client is a remote monitoring and management (RMM) tool. More information will be added ...,
[Chicken (of the VNC)](/rmm_tools/chicken__of_the_vnc_),,Chicken (of the VNC) is a remote monitoring and management (RMM) tool. More information will be adde...,
[SkyFex](/rmm_tools/skyfex),,SkyFex is a remote monitoring and management (RMM) tool. More information will be added as it become...,
[Ericom AccessNow](/rmm_tools/ericom_accessnow),,Ericom AccessNow is a remote monitoring and management (RMM) tool. More information will be added as...,
[Microsoft RDP](/rmm_tools/microsoft_rdp),,Microsoft RDP is a remote monitoring and management (RMM) tool. More information will be added as it...,
[Royal Server](/rmm_tools/royal_server),,Royal Server is a remote monitoring and management (RMM) tool. More information will be added as it ...,
[Solar-PuTTY](/rmm_tools/solar-putty),,Solar-PuTTY is a remote monitoring and management (RMM) tool. More information will be added as it b...,
[Duplicati](/rmm_tools/duplicati),,Duplicati is a remote monitoring and management (RMM) tool. More information will be added as it bec...,
[Remote Desktop Plus](/rmm_tools/remote_desktop_plus),,Remote Desktop Plus is a remote monitoring and management (RMM) tool. More information will be added...,
[ITSupport247 (ConnectWise)](/rmm_tools/itsupport247__connectwise_),,ITSupport247 (ConnectWise) is a remote monitoring and management (RMM) tool. More information will b...,
[DesktopNow](/rmm_tools/desktopnow),,DesktopNow is a remote monitoring and management (RMM) tool. More information will be added as it be...,
[Remmina](/rmm_tools/remmina),,Remmina is a remote monitoring and management (RMM) tool. More information will be added as it becom...,
[Distant Desktop](/rmm_tools/distant_desktop),,Distant Desktop is a remote monitoring and management (RMM) tool. More information will be added as ...,
[DameWare](/rmm_tools/dameware),,DameWare is a remote monitoring and management (RMM) tool. More information will be added as it beco...,
[Level](/rmm_tools/level),,Level is a remote monitoring and management (RMM) tool. More information will be added as it becomes...,
[Insync](/rmm_tools/insync),,Insync is a remote monitoring and management (RMM) tool. More information will be added as it become...,
[ISL Online](/rmm_tools/isl_online),,ISL Online is a remote monitoring and management (RMM) tool. More information will be added as it be...,
[Remote.it](/rmm_tools/remote.it),,Remote.it is a remote monitoring and management (RMM) tool. More information will be added as it bec...,
[Netreo](/rmm_tools/netreo),,Netreo is a remote monitoring and management (RMM) tool. More information will be added as it become...,
[NoteOn-desktop sharing](/rmm_tools/noteon-desktop_sharing),,NoteOn-desktop sharing is a remote monitoring and management (RMM) tool. More information will be ad...,
[Royal TS](/rmm_tools/royal_ts),,Royal TS is a remote monitoring and management (RMM) tool. More information will be added as it beco...,
[DeskNets](/rmm_tools/desknets),,DeskNets is a remote monitoring and management (RMM) tool. More information will be added as it beco...,
[QQ IM-remote assistance](/rmm_tools/qq_im-remote_assistance),,QQ IM-remote assistance is a remote monitoring and management (RMM) tool. More information will be a...,
[PuTTY Tray](/rmm_tools/putty_tray),,PuTTY Tray is a remote monitoring and management (RMM) tool. More information will be added as it be...,
[XRDP](/rmm_tools/xrdp),,XRDP is a remote monitoring and management (RMM) tool. More information will be added as it becomes ...,
[FastViewer](/rmm_tools/fastviewer),,FastViewer is a remote monitoring and management (RMM) tool. More information will be added as it be...,
[Jump Desktop](/rmm_tools/jump_desktop),,Jump Desktop is a remote monitoring and management (RMM) tool. More information will be added as it ...,
[Ivanti Remote Control](/rmm_tools/ivanti_remote_control),,Ivanti Remote Control is a remote monitoring and management (RMM) tool. More information will be add...,
[BeInSync](/rmm_tools/beinsync),,BeInSync is a remote monitoring and management (RMM) tool. More information will be added as it beco...,
[NateOn-desktop sharing](/rmm_tools/nateon-desktop_sharing),,NateOn-desktop sharing is a remote monitoring and management (RMM) tool. More information will be ad...,
[Xeox](/rmm_tools/xeox),,Xeox is a remote monitoring and management (RMM) tool. More information will be added as it becomes ...,
[WinSCP](/rmm_tools/winscp),,WinSCP is a remote monitoring and management (RMM) tool. More information will be added as it become...,
[DW Service](/rmm_tools/dw_service),,DW Service is a remote monitoring and management (RMM) tool. More information will be added as it be...,
[NTR Remote](/rmm_tools/ntr_remote),,NTR Remote is a remote monitoring and management (RMM) tool. More information will be added as it be...,
[TurboMeeting](/rmm_tools/turbomeeting),,TurboMeeting is a remote monitoring and management (RMM) tool. More information will be added as it ...,
[RemoteUtilities](/rmm_tools/remoteutilities),,RemoteUtilities is a remote monitoring and management (RMM) tool. More information will be added as ...,
[Pulseway](/rmm_tools/pulseway),,Pulseway is a remote monitoring and management (RMM) tool. More information will be added as it beco...,
[Panorama9](/rmm_tools/panorama9),,Panorama9 is a remote monitoring and management (RMM) tool. More information will be added as it bec...,
[Atera](/rmm_tools/atera),,Atera is a remote monitoring and management (RMM) tool. It is used by threat actors to deploy ransom...,
[JollysFastVNC](/rmm_tools/jollysfastvnc),,JollysFastVNC is a remote monitoring and management (RMM) tool. More information will be added as it...,
[RunSmart](/rmm_tools/runsmart),,RunSmart is a remote monitoring and management (RMM) tool. More information will be added as it beco...,
[Chrome Remote Desktop](/rmm_tools/chrome_remote_desktop),,Chrome Remote Desktop is a remote monitoring and management (RMM) tool. More information will be add...,
[Netviewer (GoToMeet)](/rmm_tools/netviewer__gotomeet_),,Netviewer (GoToMeet) is a remote monitoring and management (RMM) tool. More information will be adde...,
[Netviewer](/rmm_tools/netviewer),,Netviewer is a remote monitoring and management (RMM) tool. More information will be added as it bec...,
[ConnectWise Control](/rmm_tools/connectwise_control),,ConnectWise Control is a remote monitoring and management (RMM) tool. More information will be added...,
[ExtraPuTTY](/rmm_tools/extraputty),,ExtraPuTTY is a remote monitoring and management (RMM) tool. More information will be added as it be...,
[FleetDeck.io](/rmm_tools/fleetdeck.io),,FleetDeck.io is a remote monitoring and management (RMM) tool. More information will be added as it ...,
[HelpU](/rmm_tools/helpu),,HelpU is a remote monitoring and management (RMM) tool. More information will be added as it becomes...,
[ToDesk](/rmm_tools/todesk),,ToDesk is a remote monitoring and management (RMM) tool. More information will be added as it become...,
[RAdmin](/rmm_tools/radmin),,RAdmin is a remote monitoring and management (RMM) tool. More information will be added as it become...,Nasreddine Bencherchali
[CrossLoop](/rmm_tools/crossloop),,CrossLoop is a remote monitoring and management (RMM) tool. More information will be added as it bec...,
[Centurion](/rmm_tools/centurion),,Centurion is a remote monitoring and management (RMM) tool. More information will be added as it bec...,
[KickIdler](/rmm_tools/kickidler),,KickIdler is a remote monitoring and management (RMM) tool. More information will be added as it bec...,
[Syncro](/rmm_tools/syncro),,Syncro is a remote monitoring and management (RMM) tool. More information will be added as it become...,
[AweRay](/rmm_tools/aweray),,AweRay is a remote monitoring and management (RMM) tool. More information will be added as it become...,
[SunLogin](/rmm_tools/sunlogin),,SunLogin is a remote monitoring and management (RMM) tool. More information will be added as it beco...,
[Koofr](/rmm_tools/koofr),,Koofr is a remote monitoring and management (RMM) tool. More information will be added as it becomes...,
[SysAid](/rmm_tools/sysaid),,SysAid is a remote monitoring and management (RMM) tool. More information will be added as it become...,
[Neturo](/rmm_tools/neturo),,Neturo is a remote monitoring and management (RMM) tool. More information will be added as it become...,
[SmarTTY](/rmm_tools/smartty),,SmarTTY is a remote monitoring and management (RMM) tool. More information will be added as it becom...,
[Impero Connect](/rmm_tools/impero_connect),,Impero Connect is a remote monitoring and management (RMM) tool. More information will be added as i...,
[247ithelp.com (ConnectWise)](/rmm_tools/247ithelp.com__connectwise_),,247ithelp.com (ConnectWise) is a remote monitoring and management (RMM) tool. More information will ...,
[Remobo](/rmm_tools/remobo),,Remobo is a remote monitoring and management (RMM) tool. More information will be added as it become...,
[Free Tools Launcher](/rmm_tools/free_tools_launcher),,Free Tools Launcher is a remote monitoring and management (RMM) tool. More information will be added...,
[Echoware](/rmm_tools/echoware),,Echoware is a remote monitoring and management (RMM) tool. More information will be added as it beco...,
[Zoho Assist](/rmm_tools/zoho_assist),,Zoho Assist is a remote monitoring and management (RMM) tool. More information will be added as it b...,
[KiTTY](/rmm_tools/kitty),,KiTTY is a remote monitoring and management (RMM) tool. More information will be added as it becomes...,
[SimpleHelp](/rmm_tools/simplehelp),,SimpleHelp is a remote monitoring and management (RMM) tool. More information will be added as it be...,
[CloudFlare Tunnel](/rmm_tools/cloudflare_tunnel),,CloudFlare Tunnel is a remote monitoring and management (RMM) tool. More information will be added a...,
[GoTo Opener](/rmm_tools/goto_opener),,GoTo Opener is a remote monitoring and management (RMM) tool. More information will be added as it b...,
[Pcvisit](/rmm_tools/pcvisit),,Pcvisit is a remote monitoring and management (RMM) tool. More information will be added as it becom...,
[Mocha VNC Lite](/rmm_tools/mocha_vnc_lite),,Mocha VNC Lite is a remote monitoring and management (RMM) tool. More information will be added as i...,
[Laplink Gold](/rmm_tools/laplink_gold),,Laplink Gold is a remote monitoring and management (RMM) tool. More information will be added as it ...,
[Iperius Remote](/rmm_tools/iperius_remote),,Iperius Remote is a remote monitoring and management (RMM) tool. More information will be added as i...,
[BeamYourScreen](/rmm_tools/beamyourscreen),,BeamYourScreen is a remote monitoring and management (RMM) tool. More information will be added as i...,
[TeleDesktop](/rmm_tools/teledesktop),,TeleDesktop is a remote monitoring and management (RMM) tool. More information will be added as it b...,
[Parallels Access](/rmm_tools/parallels_access),,Parallels Access is a remote monitoring and management (RMM) tool. More information will be added as...,
[Basecamp](/rmm_tools/basecamp),,Basecamp is a remote monitoring and management (RMM) tool. More information will be added as it beco...,
[Weezo](/rmm_tools/weezo),,Weezo is a remote monitoring and management (RMM) tool. More information will be added as it becomes...,
[X2Go](/rmm_tools/x2go),,X2Go is a remote monitoring and management (RMM) tool. More information will be added as it becomes ...,
[Dev Tunnels (aka Visual Studio Dev Tunnel)](/rmm_tools/dev_tunnels__aka_visual_studio_dev_tunnel_),,Dev Tunnels (aka Visual Studio Dev Tunnel) is a remote monitoring and management (RMM) tool. More in...,
[Connectwise Automate (LabTech)](/rmm_tools/connectwise_automate__labtech_),,Connectwise Automate (LabTech) is a remote monitoring and management (RMM) tool. More information wi...,
[Splashtop (Beta)](/rmm_tools/splashtop__beta_),,Splashtop (Beta) is a remote monitoring and management (RMM) tool. More information will be added as...,
[Netop](/rmm_tools/netop),,Netop is a remote monitoring and management (RMM) tool. More information will be added as it becomes...,
[Kaseya (VSA)](/rmm_tools/kaseya__vsa_),,Kaseya (VSA) aka Unigma is a remote monitoring and management (RMM) tool. More information will be a...,Nasreddine Bencherchali
[HelpBeam](/rmm_tools/helpbeam),,HelpBeam is a remote monitoring and management (RMM) tool. More information will be added as it beco...,
[Quest KACE Agent (formerly Dell KACE)](/rmm_tools/quest_kace_agent__formerly_dell_kace_),,Quest KACE Agent (formerly Dell KACE) is a remote monitoring and management (RMM) tool. More informa...,
[DeskShare](/rmm_tools/deskshare),,DeskShare is a remote monitoring and management (RMM) tool. More information will be added as it bec...,
[rdpwrap](/rmm_tools/rdpwrap),,rdpwrap is a remote monitoring and management (RMM) tool. More information will be added as it becom...,
[Total Software Deployment](/rmm_tools/total_software_deployment),,Total Software Deployment is a remote monitoring and management (RMM) tool. More information will be...,
[PuTTY](/rmm_tools/putty),,PuTTY is a remote monitoring and management (RMM) tool. More information will be added as it becomes...,
[RDPView](/rmm_tools/rdpview),,RDPView is a remote monitoring and management (RMM) tool. More information will be added as it becom...,
[Fortra](/rmm_tools/fortra),,Fortra is a remote monitoring and management (RMM) tool. More information will be added as it become...,
[ISL Light](/rmm_tools/isl_light),,ISL Light is a remote monitoring and management (RMM) tool. More information will be added as it bec...,
[Pocket Controller (Soti Xsight)](/rmm_tools/pocket_controller__soti_xsight_),,Pocket Controller (Soti Xsight) is a remote monitoring and management (RMM) tool. More information w...,
[GatherPlace-desktop sharing](/rmm_tools/gatherplace-desktop_sharing),,GatherPlace-desktop sharing is a remote monitoring and management (RMM) tool. More information will ...,
[Site24x7](/rmm_tools/site24x7),,Site24x7 is a remote monitoring and management (RMM) tool. More information will be added as it beco...,
[MeshCentral](/rmm_tools/meshcentral),,MeshCentral is a remote monitoring and management (RMM) tool. MeshAgent used along with MeshCentral ...,@kostastsale
[MSP360](/rmm_tools/msp360),,MSP360 is a remote monitoring and management (RMM) tool. More information will be added as it become...,
[ScreenConnect](/rmm_tools/screenconnect),,ScreenConnect is a remote monitoring and management (RMM) tool. More information will be added as it...,"Ali Alwashali, Nasreddine Bencherchali"
[Microsoft TSC](/rmm_tools/microsoft_tsc),,Microsoft TSC is a remote monitoring and management (RMM) tool. More information will be added as it...,
[Tanium](/rmm_tools/tanium),,Tanium is a remote monitoring and management (RMM) tool. More information will be added as it become...,
[Ultra VNC](/rmm_tools/ultra_vnc),,Ultra VNC is a remote monitoring and management (RMM) tool. More information will be added as it bec...,
[Remote Manipulator System](/rmm_tools/remote_manipulator_system),,Remote Manipulator System is a remote monitoring and management (RMM) tool. More information will be...,
[Domotz](/rmm_tools/domotz),,Domotz is a remote monitoring and management (RMM) tool. More information will be added as it become...,
[FixMe.it](/rmm_tools/fixme.it),,FixMe.it is a remote monitoring and management (RMM) tool. More information will be added as it beco...,
[Tanium Deploy](/rmm_tools/tanium_deploy),,Tanium Deploy is a remote monitoring and management (RMM) tool. More information will be added as it...,
[N-ABLE Remote Access Software](/rmm_tools/n-able_remote_access_software),,N-ABLE Remote Access Software is a remote monitoring and management (RMM) tool. More information wil...,
[Quick Assist](/rmm_tools/quick_assist),,Quick Assist is a remote monitoring and management (RMM) tool. More information will be added as it ...,
[AnyViewer](/rmm_tools/anyviewer),,AnyViewer is a remote monitoring and management (RMM) tool. More information will be added as it bec...,@kostastsale
[Naverisk](/rmm_tools/naverisk),,Naverisk is a remote monitoring and management (RMM) tool. More information will be added as it beco...,
[Addigy](/rmm_tools/addigy),,Addigy is a remote monitoring and management (RMM) tool. More information will be added as it become...,
[Action1](/rmm_tools/action1),,Action1 is a powerful Remote Monitoring and Management(RMM) tool that enables users to execute comma...,@kostastsale
[AliWangWang-remote-control](/rmm_tools/aliwangwang-remote-control),,AliWangWang-remote-control is a remote monitoring and management (RMM) tool. More information will b...,
[FreeRDP](/rmm_tools/freerdp),,FreeRDP is a remote monitoring and management (RMM) tool. More information will be added as it becom...,
[MioNet (Also known as WD Anywhere Access)](/rmm_tools/mionet__also_known_as_wd_anywhere_access_),,MioNet (Also known as WD Anywhere Access) is a remote monitoring and management (RMM) tool. More inf...,
[SmartCode Web VNC](/rmm_tools/smartcode_web_vnc),,SmartCode Web VNC is a remote monitoring and management (RMM) tool. More information will be added a...,
[Onionshare](/rmm_tools/onionshare),,Onionshare is a remote monitoring and management (RMM) tool. More information will be added as it be...,
[Rocket Remote Desktop](/rmm_tools/rocket_remote_desktop),,Rocket Remote Desktop is a remote monitoring and management (RMM) tool. More information will be add...,
[WebRDP](/rmm_tools/webrdp),,WebRDP is a remote monitoring and management (RMM) tool. More information will be added as it become...,
[BeyondTrust](/rmm_tools/beyondtrust),,BeyondTrust is a remote monitoring and management (RMM) tool. More information will be added as it b...,
[SuperOps](/rmm_tools/superops),,SuperOps is a remote monitoring and management (RMM) tool. More information will be added as it beco...,
[RemotePass](/rmm_tools/remotepass),,RemotePass is a remote monitoring and management (RMM) tool. More information will be added as it be...,
[Itarian](/rmm_tools/itarian),,Itarian is a remote monitoring and management (RMM) tool. More information will be added as it becom...,
[PSEXEC](/rmm_tools/psexec),,PSEXEC is a remote monitoring and management (RMM) tool. More information will be added as it become...,
[Level.io](/rmm_tools/level.io),,Level.io is a remote monitoring and management (RMM) tool. More information will be added as it beco...,
[ezHelp](/rmm_tools/ezhelp),,ezHelp is a remote monitoring and management (RMM) tool. More information will be added as it become...,
[Kabuto](/rmm_tools/kabuto),,Kabuto is a remote monitoring and management (RMM) tool. More information will be added as it become...,
[Synergy](/rmm_tools/synergy),,Synergy is a remote monitoring and management (RMM) tool. More information will be added as it becom...,
[ConnectWise](/rmm_tools/connectwise),,ConnectWise is a remote monitoring and management (RMM) tool. More information will be added as it b...,
[TigerVNC](/rmm_tools/tigervnc),,TigerVNC is a remote monitoring and management (RMM) tool. More information will be added as it beco...,
[GoToMyPC](/rmm_tools/gotomypc),,GoToMyPC is a remote monitoring and management (RMM) tool. More information will be added as it beco...,Nasreddine Bencherchali
[Laplink Everywhere](/rmm_tools/laplink_everywhere),,Laplink Everywhere is a remote monitoring and management (RMM) tool. More information will be added ...,
[Syspectr](/rmm_tools/syspectr),,Syspectr is a remote monitoring and management (RMM) tool. More information will be added as it beco...,
[Remote Utilities](/rmm_tools/remote_utilities),,Remote Utilities is a remote monitoring and management (RMM) tool. More information will be added as...,
[Remcos](/rmm_tools/remcos),,Remcos is a remote monitoring and management (RMM) tool. More information will be added as it become...,
[ISL Online](/rmm_tools/isl_online),,ISL Online is a remote monitoring and management (RMM) tool. More information will be added as it be...,
[DragonDisk](/rmm_tools/dragondisk),,DragonDisk is a remote monitoring and management (RMM) tool. More information will be added as it be...,
[RealVNC](/rmm_tools/realvnc),,RealVNC is a remote monitoring and management (RMM) tool. More information will be added as it becom...,
[Supremo](/rmm_tools/supremo),,Supremo is a remote monitoring and management (RMM) tool. More information will be added as it becom...,
[GoToAssist Agent Desktop Console](/rmm_tools/gotoassist_agent_desktop_console),,GoToAssist Agent Desktop Console is a remote monitoring and management (RMM) tool. More information ...,
[RemoteView](/rmm_tools/remoteview),,RemoteView is a remote monitoring and management (RMM) tool. More information will be added as it be...,
[VNC Connect](/rmm_tools/vnc_connect),,VNC Connect is a remote monitoring and management (RMM) tool. More information will be added as it b...,
[Syncthing](/rmm_tools/syncthing),,Syncthing is a remote monitoring and management (RMM) tool. More information will be added as it bec...,
[KHelpDesk](/rmm_tools/khelpdesk),,KHelpDesk is a remote monitoring and management (RMM) tool. More information will be added as it bec...,
[Netop Remote Control (Impero Connect)](/rmm_tools/netop_remote_control__impero_connect_),,Netop Remote Control (Impero Connect) is a remote monitoring and management (RMM) tool. More informa...,
[Bitvise SSH Server](/rmm_tools/bitvise_ssh_server),,Bitvise SSH Server is a remote monitoring and management (RMM) tool. More information will be added ...,
[Apple Remote Desktop](/rmm_tools/apple_remote_desktop),,Apple Remote Desktop is a remote monitoring and management (RMM) tool. More information will be adde...,
[Chrome SSH Extension](/rmm_tools/chrome_ssh_extension),,Chrome SSH Extension is a remote monitoring and management (RMM) tool. More information will be adde...,
[NetSupport Manager](/rmm_tools/netsupport_manager),,NetSupport Manager is a remote monitoring and management (RMM) tool. More information will be added ...,
[ESET Remote Administrator](/rmm_tools/eset_remote_administrator),,ESET Remote Administrator is a remote monitoring and management (RMM) tool. More information will be...,
[Yandex.Disk](/rmm_tools/yandex.disk),,Yandex.Disk is a remote monitoring and management (RMM) tool. More information will be added as it b...,
[N-Able Advanced Monitoring Agent](/rmm_tools/n-able_advanced_monitoring_agent),,N-Able Advanced Monitoring Agent is a remote monitoring and management (RMM) tool. More information ...,
[MyIVO](/rmm_tools/myivo),,MyIVO is a remote monitoring and management (RMM) tool. More information will be added as it becomes...,
[ITSupport247 (ConnectWise)](/rmm_tools/itsupport247__connectwise_),,ITSupport247 (ConnectWise) is a remote monitoring and management (RMM) tool. More information will b...,
[VNC](/rmm_tools/vnc),,VNC is a remote monitoring and management (RMM) tool. More information will be added as it becomes a...,
[ServerEye](/rmm_tools/servereye),,ServerEye is a remote monitoring and management (RMM) tool. More information will be added as it bec...,
[Rapid7](/rmm_tools/rapid7),,Rapid7 is a remote monitoring and management (RMM) tool. More information will be added as it become...,
[GoToAssist (GoTo Resolve)](/rmm_tools/gotoassist__goto_resolve_),,GoToAssist (GoTo Resolve) is a remote monitoring and management (RMM) tool. More information will be...,
[GetScreen](/rmm_tools/getscreen),,GetScreen is a remote monitoring and management (RMM) tool. More information will be added as it bec...,
[MobaXterm](/rmm_tools/mobaxterm),,MobaXterm is a remote monitoring and management (RMM) tool. More information will be added as it bec...,
[CrossTec Remote Control](/rmm_tools/crosstec_remote_control),,CrossTec Remote Control is a remote monitoring and management (RMM) tool. More information will be a...,
[Absolute (Computrace)](/rmm_tools/absolute__computrace_),,Absolute (Computrace) is a remote monitoring and management (RMM) tool. More information will be add...,
[Xshell](/rmm_tools/xshell),,Xshell is a remote monitoring and management (RMM) tool. More information will be added as it become...,
[MyGreenPC](/rmm_tools/mygreenpc),,MyGreenPC is a remote monitoring and management (RMM) tool. More information will be added as it bec...,
[Level.io](/rmm_tools/level.io),,Level.io is a remote monitoring and management (RMM) tool. More information will be added as it beco...,
[Microsoft Quick Assist](/rmm_tools/microsoft_quick_assist),,Microsoft Quick Assist is a remote monitoring and management (RMM) tool. More information will be ad...,
[Manage Engine (Desktop Central)](/rmm_tools/manage_engine__desktop_central_),,Manage Engine (Desktop Central) is a remote monitoring and management (RMM) tool. More information w...,
